{"meta": {"args": {"-db-root": "/home/ryedida/smoothness-hpo/bbo_challenge_starter_kit/output", "--opt-root": "/home/ryedida/smoothness-hpo/bbo_challenge_starter_kit", "--db": "run_20240114_032559", "--jobs-file": null, "--ravel": false, "--verbose": false, "dry_run": false, "rev": "a376313", "opt_rev": null}, "signature": {"MLP-adam_wine_nll": [16.063962273407764, 23.274250254613083, 19.80193088400322, 3.463918210725012, 15.210579700922182], "MLP-adam_wine_acc": [-0.4359605911330049, -0.3169950738916256, -0.3312807881773399, -0.6620689655172413, -0.5017241379310344]}},
"data": {"coords": {"iter": {"dims": ["iter"], "attrs": {}, "data": [0, 1, 2, 3, 4, 5, 6, 7, 8, 9, 10, 11, 12, 13, 14]}, "function": {"dims": ["function"], "attrs": {}, "data": ["MLP-adam_wine_acc", "MLP-adam_wine_nll"]}, "objective": {"dims": ["objective"], "attrs": {}, "data": ["_visible_to_opt", "generalization"]}}, "attrs": {}, "dims": {"iter": 15, "function": 2, "objective": 2}, "data_vars": {"median": {"dims": ["iter", "function", "objective"], "attrs": {}, "data": [[[-0.479064039408867, -0.4722222222222222], [13.561591482498766, 14.214948602552369]], [[-0.5724137931034482, -0.7222222222222222], [8.269561629551864, 3.474610736737538]], [[-0.6187192118226601, -0.7777777777777778], [6.66496692175753, 1.3912093877792977]], [[-0.6369458128078819, -0.8055555555555556], [5.359393891472371, 0.942882748950658]], [[-0.6697044334975368, -0.8055555555555556], [4.5386400118992825, 0.8527480870336855]], [[-0.7044334975369458, -0.8611111111111112], [4.073500003595937, 0.7164842393351365]], [[-0.7103448275862069, -0.8611111111111112], [3.7195585986668114, 0.6957310040097929]], [[-0.7342364532019705, -0.8888888888888888], [3.224367947395426, 0.6353170160334035]], [[-0.7467980295566503, -0.8888888888888888], [3.062691520993847, 0.6176955214001492]], [[-0.7482758620689655, -0.8888888888888888], [2.952868103475679, 0.5784375513620242]], [[-0.7564039408866995, -0.8888888888888888], [2.64661700218688, 0.541382241405087]], [[-0.7815270935960591, -0.8888888888888888], [2.0667363840818274, 0.5210032760477765]], [[-0.7889162561576354, -0.9166666666666666], [2.050811189343179, 0.5148416622194895]], [[-0.7894088669950738, -0.9166666666666666], [1.900992760105464, 0.4930408786281693]], [[-0.7916256157635468, -0.9166666666666666], [1.8339049588953753, 0.48884855478167594]]]}, "mean": {"dims": ["iter", "function", "objective"], "attrs": {}, "data": [[[-0.5480057471264368, -0.6077777777777778], [10.401668353314566, 8.938548931301396]], [[-0.5971787403001795, -0.6931425740121393], [8.309771402661648, 5.8386472907681135]], [[-0.6334871141204963, -0.7487191520828808], [6.874772805041988, 3.9788363593481817]], [[-0.6612047777083042, -0.786294952548235], [5.853893560876148, 2.835962245325355]], [[-0.6830248828799753, -0.8127504484127132], [5.101372872653443, 2.114854738263835]], [[-0.7006784242091871, -0.8321533021388581], [4.527998743438693, 1.6469219238971142]], [[-0.7153023343709953, -0.8469460562947829], [4.077963949762146, 1.3344307389557908]], [[-0.7276608744165826, -0.8586232378786082], [3.7155041399619124, 1.1197289134368313]], [[-0.738280398637264, -0.8681198321505489], [3.417096951247613, 0.9681260185448964]], [[-0.7475324907635849, -0.8760358811114138], [3.1668482355935916, 0.8582874852985768]], [[-0.7556860066965889, -0.8827675447481446], [2.953722335605607, 0.7767850206936929]], [[-0.762940173342086, -0.8885844316074925], [2.769851180300414, 0.7149637552778791]], [[-0.7694459986543775, -0.893675828810409], [2.6094825790968215, 0.6671129445216767]], [[-0.7753203699085294, -0.8981787667588094], [2.468312721115461, 0.629378667953541]], [[-0.7806555106612674, -0.9021953600951207], [2.3430533420191124, 0.5991047484154687]]]}, "clip": {"dims": ["function", "objective"], "attrs": {}, "data": [[-0.479064039408867, -0.4722222222222222], [13.561591482498766, 14.214948602552369]]}, "best": {"dims": ["function", "objective"], "attrs": {}, "data": [[-0.9162561576365782, -0.9722222222233324], [0.42558428396395065, 0.2112297324801734]]}}}}
