{"meta": {"args": {"-db-root": "/home/ryedida/smoothness-hpo/bbo_challenge_starter_kit/output", "--opt-root": "/home/ryedida/smoothness-hpo/bbo_challenge_starter_kit", "--db": "run_20240113_043333", "--jobs-file": null, "--ravel": false, "--verbose": false, "dry_run": false, "rev": "a376313", "opt_rev": null}, "signature": {"MLP-adam_breast_nll": [8.104566516477803, 14.643876498263253, 12.332285721418042, 5.269783589486869, 3.4904310816393633], "MLP-adam_breast_acc": [-0.676923076923077, -0.567032967032967, -0.545054945054945, -0.7824175824175824, -0.843956043956044]}},
"data": {"coords": {"iter": {"dims": ["iter"], "attrs": {}, "data": [0, 1, 2, 3, 4, 5, 6, 7, 8, 9, 10, 11, 12, 13, 14]}, "function": {"dims": ["function"], "attrs": {}, "data": ["MLP-adam_breast_acc", "MLP-adam_breast_nll"]}, "objective": {"dims": ["objective"], "attrs": {}, "data": ["_visible_to_opt", "generalization"]}}, "attrs": {}, "dims": {"iter": 15, "function": 2, "objective": 2}, "data_vars": {"median": {"dims": ["iter", "function", "objective"], "attrs": {}, "data": [[[-0.8373626373626374, -0.8596491228070176], [2.9752066159318167, 0.8823536711028485]], [[-0.8989010989010989, -0.8947368421052632], [0.7894447622083284, 0.5686037681100562]], [[-0.9054945054945055, -0.9035087719298246], [0.637598269077567, 0.45173031617207277]], [[-0.9076923076923077, -0.9122807017543859], [0.5653898627505922, 0.4110302540527373]], [[-0.9076923076923077, -0.9210526315789473], [0.523098153885454, 0.38072102422252296]], [[-0.9076923076923078, -0.9210526315789473], [0.5031213489432704, 0.346391283061124]], [[-0.9098901098901099, -0.9210526315789473], [0.48840890547381477, 0.3320471537430167]], [[-0.90989010989011, -0.9298245614035088], [0.4550562309942213, 0.31143435142850595]], [[-0.9120879120879121, -0.9298245614035088], [0.4469377356081788, 0.3029413948657393]], [[-0.9120879120879121, -0.9298245614035088], [0.437127137240258, 0.2933793034642605]], [[-0.9120879120879121, -0.9298245614035088], [0.4337225194820523, 0.29108281682902365]], [[-0.9120879120879122, -0.9298245614035088], [0.40920246221850337, 0.2853616241823234]], [[-0.9120879120879122, -0.9298245614035088], [0.40744990486476207, 0.28501638691589487]], [[-0.9120879120879122, -0.9298245614035088], [0.4068585287694286, 0.2831403945565928]], [[-0.9120879120879122, -0.9298245614035088], [0.40183137572902883, 0.28167892500001246]]]}, "mean": {"dims": ["iter", "function", "objective"], "attrs": {}, "data": [[[-0.865794871794872, -0.8807309941520468], [1.9297630806330397, 0.7035273687978059]], [[-0.8827877540519684, -0.8945215044299715], [1.335686602152542, 0.5872380053252626]], [[-0.8931217848614537, -0.9038762908033251], [0.9931449998107376, 0.5093495316939336]], [[-0.8995472173313301, -0.9104629309921649], [0.79165932115252, 0.45552767314958637]], [[-0.903654537954441, -0.9152732543714369], [0.6699762939971172, 0.4171362174281088]], [[-0.9063692932038434, -0.9189095557708531], [0.5939912234575415, 0.388885498872167]], [[-0.9082341634268977, -0.9217460687084653], [0.5446008379747749, 0.36747500654394244]], [[-0.9095702701964886, -0.9240211269521382], [0.5110157577195202, 0.35080297825345114]], [[-0.9105697582033019, -0.9258904804745535], [0.487074092156205, 0.33750141938888]], [[-0.9113491560038804, -0.9274586167122314], [0.4692051060765331, 0.32665931409787463]], [[-0.9119802819047386, -0.9287974788847785], [0.4553008148787868, 0.31765563604891356]], [[-0.9125082472947311, -0.9299578637234667], [0.44408788365768853, 0.31005708216825667]], [[-0.9129620153319139, -0.9309765014999966], [0.4347758530744363, 0.30355440809079637]], [[-0.9133606434925229, -0.9318805464638381], [0.4268585054555172, 0.297922091267428]], [[-0.9137170097610605, -0.9326904859840854], [0.42000050476654005, 0.29299229757556616]]]}, "clip": {"dims": ["function", "objective"], "attrs": {}, "data": [[-0.8373626373626374, -0.8596491228070176], [2.9752066159318167, 0.8823536711028485]]}, "best": {"dims": ["function", "objective"], "attrs": {}, "data": [[-0.9252747252758354, -0.9649122807028646], [0.2273981983156666, 0.1660381098739299]]}}}}
