{"meta": {"args": {"-db-root": "/home/ryedida/smoothness-hpo/bbo_challenge_starter_kit/output", "--opt-root": "/home/ryedida/smoothness-hpo/bbo_challenge_starter_kit", "--db": "run_20240113_220618", "--jobs-file": null, "--ravel": false, "--verbose": false, "dry_run": false, "rev": "a376313", "opt_rev": null}, "signature": {"MLP-adam_iris_acc": [-0.41666666666666663, -0.275, -0.3416666666666667, -0.725, -0.875], "MLP-adam_iris_nll": [1.3105719841770722, 1.7760947732249062, 1.4322107566090756, 0.9097804858215804, 0.5745987066718419]}},
"data": {"coords": {"iter": {"dims": ["iter"], "attrs": {}, "data": [0, 1, 2, 3, 4, 5, 6, 7, 8, 9, 10, 11, 12, 13, 14]}, "function": {"dims": ["function"], "attrs": {}, "data": ["MLP-adam_iris_acc", "MLP-adam_iris_nll"]}, "objective": {"dims": ["objective"], "attrs": {}, "data": ["_visible_to_opt", "generalization"]}}, "attrs": {}, "dims": {"iter": 15, "function": 2, "objective": 2}, "data_vars": {"median": {"dims": ["iter", "function", "objective"], "attrs": {}, "data": [[[-0.5583333333333333, -0.5666666666666667], [1.0441597245657857, 1.034587414039662]], [[-0.85, -0.9666666666666667], [0.7070781529916974, 0.560277651131752]], [[-0.9083333333333334, -1.0], [0.5288344010472772, 0.4307715838910729]], [[-0.9333333333333333, -1.0], [0.45823560499805643, 0.35612738277349737]], [[-0.9416666666666667, -1.0], [0.42777182546481035, 0.30862224602981797]], [[-0.9416666666666668, -1.0], [0.37623586269840426, 0.28605707697778865]], [[-0.95, -1.0], [0.3535046315952649, 0.2710888315674712]], [[-0.95, -1.0], [0.3422287201528803, 0.26117786229613593]], [[-0.95, -1.0], [0.34122970817877213, 0.2555250850109913]], [[-0.95, -1.0], [0.33187854498644864, 0.2527167933069158]], [[-0.95, -1.0], [0.32940973175089017, 0.2479507988281572]], [[-0.9583333333333333, -1.0], [0.3261724978541108, 0.23709527815657425]], [[-0.9583333333333334, -1.0], [0.3145127784608452, 0.23005906365868345]], [[-0.9583333333333334, -1.0], [0.30944800193264027, 0.21316531755797327]], [[-0.9583333333333334, -1.0], [0.3063278530556638, 0.20269250884573148]]]}, "mean": {"dims": ["iter", "function", "objective"], "attrs": {}, "data": [[[-0.7004444444444444, -0.7230000000000001], [0.838685287547884, 0.800572473401217]], [[-0.787526198439242, -0.821911557041992], [0.6993923272263837, 0.64101640681997]], [[-0.8420805948987296, -0.8847926870328382], [0.6026635593127038, 0.5302181582133311]], [[-0.8771031587123408, -0.9249776722933031], [0.5338175971343349, 0.45177266139668404]], [[-0.900187236788187, -0.9508043384239757], [0.48359479207957673, 0.39509036565555145]], [[-0.9158295930348176, -0.9675044340812371], [0.44606301090259515, 0.3532574921551507]], [[-0.926733909315187, -0.9783734369342604], [0.4173582604195922, 0.32170766911449517]], [[-0.9345533728543869, -0.9854960295995753], [0.3949196531487651, 0.29738917535316506]], [[-0.9403175115057233, -0.9901971288223126], [0.37701945201570114, 0.27823777210285006]], [[-0.9446800799054443, -0.9933230716769778], [0.3624708468972933, 0.2628397414677506]], [[-0.9480647206425787, -0.995417461928175], [0.3504438571519628, 0.2502144280892676]], [[-0.9507516903413238, -0.9968315198507282], [0.34034773729304624, 0.2396725596849833]], [[-0.9529302500075829, -0.99779359481597], [0.3317547712969707, 0.23072305942192872]], [[-0.9547308138262822, -0.9984531365016414], [0.3243501512950955, 0.2230111678059064]], [[-0.9562450082404944, -0.9989086363847933], [0.3178985139063014, 0.21627695916767414]]]}, "clip": {"dims": ["function", "objective"], "attrs": {}, "data": [[-0.5583333333333333, -0.5666666666666667], [1.0441597245657857, 1.034587414039662]]}, "best": {"dims": ["function", "objective"], "attrs": {}, "data": [[-0.9833333333344436, -1.0000000000022204], [0.1589167537829686, 0.05710713276476017]]}}}}
