{"meta": {"args": {"-db-root": "/home/ryedida/smoothness-hpo/bbo_challenge_starter_kit/output", "--opt-root": "/home/ryedida/smoothness-hpo/bbo_challenge_starter_kit", "--db": "run_20240113_114336", "--jobs-file": null, "--ravel": false, "--verbose": false, "dry_run": false, "rev": "a376313", "opt_rev": null}, "signature": {"MLP-adam_digits_acc": [-0.21081107239643826, -0.1295489740611692, -0.27999177313201706, -0.9422522260936896, -0.9332050909794812], "MLP-adam_digits_nll": [4.8709522768835765, 9.712622772033223, 5.950791832993735, 0.19438427080405424, 0.25190216699945595]}},
"data": {"coords": {"iter": {"dims": ["iter"], "attrs": {}, "data": [0, 1, 2, 3, 4, 5, 6, 7, 8, 9, 10, 11, 12, 13, 14]}, "function": {"dims": ["function"], "attrs": {}, "data": ["MLP-adam_digits_acc", "MLP-adam_digits_nll"]}, "objective": {"dims": ["objective"], "attrs": {}, "data": ["_visible_to_opt", "generalization"]}}, "attrs": {}, "dims": {"iter": 15, "function": 2, "objective": 2}, "data_vars": {"median": {"dims": ["iter", "function", "objective"], "attrs": {}, "data": [[[-0.9046868950832365, -0.9194444444444444], [0.3520226290206828, 0.30637423804776626]], [[-0.9380613627564849, -0.9472222222222222], [0.20240793447175642, 0.19080851387567885]], [[-0.9492015098722415, -0.9583333333333334], [0.17406476222565084, 0.1578258981361046]], [[-0.9547788424312815, -0.9638888888888889], [0.1543634361486983, 0.14082268782346455]], [[-0.9568524970963995, -0.9638888888888889], [0.14808110645489883, 0.1337195472322271]], [[-0.9582413859852885, -0.9666666666666667], [0.1391491388125219, 0.1257360073246621]], [[-0.958935830429733, -0.9666666666666667], [0.1369286739343203, 0.12268101443145041]], [[-0.9603392373209447, -0.9666666666666667], [0.13469313484177645, 0.1166099384630779]], [[-0.9603513356562136, -0.9694444444444444], [0.13375475558361766, 0.11343330021398518]], [[-0.961033681765389, -0.9694444444444444], [0.130066619389195, 0.11309143943817376]], [[-0.9617257065427797, -0.9694444444444444], [0.12536835163089963, 0.11036853197051374]], [[-0.9624177313201703, -0.9694444444444444], [0.12430009879922528, 0.10853959939836492]], [[-0.9631170150987224, -0.9694444444444444], [0.12391994291096473, 0.1077964275582346]], [[-0.9638090398761131, -0.9722222222222222], [0.12291813077876088, 0.10638451824671519]], [[-0.9638211382113819, -0.9722222222222222], [0.12257226940153047, 0.10557625286292396]]]}, "mean": {"dims": ["iter", "function", "objective"], "attrs": {}, "data": [[[-0.923151148535295, -0.9353611111111111], [0.2757179685434956, 0.24428486937012003]], [[-0.9349076063757933, -0.9456323547627898], [0.22808431395411896, 0.20446332825566083]], [[-0.9426100157282536, -0.9524541274793678], [0.19749849745816783, 0.1782160673787565]], [[-0.9478161111494273, -0.9571270955913501], [0.1772315810904925, 0.16039065097259977]], [[-0.9514516564595793, -0.9604322284309836], [0.16333990488308617, 0.14789667512630514]], [[-0.9540749956538208, -0.9628458134999217], [0.15347882255202322, 0.13885459236256578]], [[-0.9560287150334276, -0.9646634586865274], [0.14623122320730772, 0.13210291211345468]], [[-0.9575271805467936, -0.9660722200696953], [0.14072455929589908, 0.12691085044782646]], [[-0.9587074800409257, -0.9671929701246557], [0.13641045889163145, 0.12280937822345254]], [[-0.9596593624546791, -0.9681055646167845], [0.13293657055913422, 0.11949092237629935]], [[-0.9604430397517373, -0.9688639812130543], [0.13007114381244336, 0.1167491621055917]], [[-0.9610999170339075, -0.9695055544212441], [0.1276580399069851, 0.1144424361500405]], [[-0.9616591617766019, -0.9700566967523255], [0.12558948812328893, 0.11247118674712964]], [[-0.9621417966735621, -0.970536502866763], [0.12378931458885868, 0.11076383866833422]], [[-0.9625632989475846, -0.970959060963503], [0.12220243421564209, 0.1092678087900606]]]}, "clip": {"dims": ["function", "objective"], "attrs": {}, "data": [[-0.9046868950832365, -0.9194444444444444], [0.3520226290206828, 0.30637423804776626]]}, "best": {"dims": ["function", "objective"], "attrs": {}, "data": [[-0.9763429152159766, -0.9805555555566657], [0.07680240033042715, 0.07651148239065553]]}}}}
